{"cameraMode":{"drawMode":0,"name":"Shaded","section":"Shading Mode"},"sceneLighting":false,"audioPlay":false,"sceneViewState":{"showFog":true,"showMaterialUpdate":false,"showSkybox":true,"showFlares":true,"showImageEffects":true,"showParticleSystems":true},"in2DMode":false,"pivot":{"x":49.959999084472659,"y":261.91998291015627,"z":67.42835235595703},"rotation":{"x":-0.08553916215896607,"y":-0.6873988509178162,"z":0.08206012099981308,"w":-0.7165417671203613},"size":17.3424072265625,"orthographic":false}