{"cameraMode":{"drawMode":0,"name":"Shaded","section":"Shading Mode"},"sceneLighting":false,"audioPlay":false,"sceneViewState":{"showFog":true,"showMaterialUpdate":false,"showSkybox":true,"showFlares":true,"showImageEffects":true,"showParticleSystems":true},"in2DMode":false,"pivot":{"x":51.603416442871097,"y":261.3105163574219,"z":67.08438873291016},"rotation":{"x":-0.3000534474849701,"y":-0.019690517336130143,"z":0.0061950478702783588,"w":-0.9536990523338318},"size":22.981399536132814,"orthographic":false}