{"cameraMode":{"drawMode":0,"name":"Shaded","section":"Shading Mode"},"sceneLighting":false,"audioPlay":false,"sceneViewState":{"showFog":true,"showMaterialUpdate":false,"showSkybox":true,"showFlares":true,"showImageEffects":true,"showParticleSystems":true},"in2DMode":false,"pivot":{"x":-0.9446234703063965,"y":-0.4080007076263428,"z":13.657939910888672},"rotation":{"x":-0.006109020672738552,"y":-0.9938148260116577,"z":0.07199392467737198,"w":-0.08433127403259278},"size":22.877155303955079,"orthographic":false}