{"cameraMode":{"drawMode":0,"name":"Shaded","section":"Shading Mode"},"sceneLighting":false,"audioPlay":false,"sceneViewState":{"showFog":true,"showMaterialUpdate":false,"showSkybox":true,"showFlares":true,"showImageEffects":true,"showParticleSystems":true},"in2DMode":false,"pivot":{"x":49.959999084472659,"y":261.85833740234377,"z":67.4251937866211},"rotation":{"x":-0.3720627427101135,"y":-0.019159436225891115,"z":0.007681757677346468,"w":-0.9279780387878418},"size":18.441450119018556,"orthographic":false}