{"cameraMode":{"drawMode":0,"name":"Shaded","section":"Shading Mode"},"sceneLighting":false,"audioPlay":false,"sceneViewState":{"showFog":true,"showMaterialUpdate":false,"showSkybox":true,"showFlares":true,"showImageEffects":true,"showParticleSystems":true},"in2DMode":false,"pivot":{"x":45.516151428222659,"y":252.750244140625,"z":66.04812622070313},"rotation":{"x":0.03133174031972885,"y":-0.8693462014198303,"z":0.49006766080856326,"w":0.05558043345808983},"size":19.790569305419923,"orthographic":false}