{"cameraMode":{"drawMode":0,"name":"Shaded","section":"Shading Mode"},"sceneLighting":true,"audioPlay":false,"sceneViewState":{"showFog":true,"showMaterialUpdate":false,"showSkybox":true,"showFlares":true,"showImageEffects":true,"showParticleSystems":true},"in2DMode":false,"pivot":{"x":19.975116729736329,"y":272.9187316894531,"z":109.44012451171875},"rotation":{"x":-0.29708367586135867,"y":-0.3219088613986969,"z":0.10714726895093918,"w":-0.8925444483757019},"size":46.31262969970703,"orthographic":false}