{"cameraMode":{"drawMode":0,"name":"Shaded","section":"Shading Mode"},"sceneLighting":false,"audioPlay":false,"sceneViewState":{"showFog":true,"showMaterialUpdate":false,"showSkybox":true,"showFlares":true,"showImageEffects":true,"showParticleSystems":true},"in2DMode":false,"pivot":{"x":74.11600494384766,"y":252.13421630859376,"z":56.60981369018555},"rotation":{"x":-0.08234617859125138,"y":-0.7988851070404053,"z":0.11243044584989548,"w":-0.585116446018219},"size":48.388397216796878,"orthographic":false}