{"cameraMode":{"drawMode":0,"name":"Shaded","section":"Shading Mode"},"sceneLighting":false,"audioPlay":false,"sceneViewState":{"showFog":true,"showMaterialUpdate":false,"showSkybox":true,"showFlares":true,"showImageEffects":true,"showParticleSystems":true},"in2DMode":false,"pivot":{"x":-3.2523193359375,"y":0.36098289489746096,"z":0.5860240459442139},"rotation":{"x":-0.14474812150001527,"y":-0.7357720732688904,"z":0.1663227528333664,"w":-0.6403313279151917},"size":9.898866653442383,"orthographic":false}