{"cameraMode":{"drawMode":0,"name":"Shaded","section":"Shading Mode"},"sceneLighting":false,"audioPlay":false,"sceneViewState":{"showFog":true,"showMaterialUpdate":false,"showSkybox":true,"showFlares":true,"showImageEffects":true,"showParticleSystems":true},"in2DMode":false,"pivot":{"x":-0.07725918292999268,"y":-0.025115966796875,"z":-0.2505302429199219},"rotation":{"x":0.016963887959718705,"y":-0.9402823448181152,"z":0.3366549015045166,"w":0.04738013073801994},"size":20.6927547454834,"orthographic":false}