{"cameraMode":{"drawMode":0,"name":"Shaded","section":"Shading Mode"},"sceneLighting":true,"audioPlay":false,"sceneViewState":{"showFog":true,"showMaterialUpdate":false,"showSkybox":true,"showFlares":true,"showImageEffects":true,"showParticleSystems":true},"in2DMode":false,"pivot":{"x":54.714412689208987,"y":-0.11828732490539551,"z":58.1921501159668},"rotation":{"x":-0.16596736013889314,"y":0.028688903898000718,"z":-0.004830547608435154,"w":-0.9857020378112793},"size":10.197242736816407,"orthographic":false}