{"cameraMode":{"drawMode":0,"name":"Shaded","section":"Shading Mode"},"sceneLighting":false,"audioPlay":false,"sceneViewState":{"showFog":true,"showMaterialUpdate":false,"showSkybox":true,"showFlares":true,"showImageEffects":true,"showParticleSystems":true},"in2DMode":false,"pivot":{"x":20.804622650146486,"y":27.032825469970704,"z":1.3451766967773438},"rotation":{"x":-0.027153799310326577,"y":-0.10566612333059311,"z":0.0028863693587481977,"w":-0.9940266609191895},"size":55.607479095458987,"orthographic":false}