{"cameraMode":{"drawMode":0,"name":"Shaded","section":"Shading Mode"},"sceneLighting":false,"audioPlay":false,"sceneViewState":{"showFog":true,"showMaterialUpdate":false,"showSkybox":true,"showFlares":true,"showImageEffects":true,"showParticleSystems":true},"in2DMode":false,"pivot":{"x":58.32196044921875,"y":12.373507499694825,"z":44.877845764160159},"rotation":{"x":-0.031589776277542117,"y":-0.9366805553436279,"z":0.08765632659196854,"w":-0.33756208419799807},"size":17.494394302368165,"orthographic":false}