{"cameraMode":{"drawMode":0,"name":"Shaded","section":"Shading Mode"},"sceneLighting":false,"audioPlay":false,"sceneViewState":{"showFog":true,"showMaterialUpdate":false,"showSkybox":true,"showFlares":true,"showImageEffects":true,"showParticleSystems":true},"in2DMode":false,"pivot":{"x":53.38399887084961,"y":1.0099999904632569,"z":55.76254653930664},"rotation":{"x":-0.0871880054473877,"y":-0.015841571614146234,"z":0.0013867320958524943,"w":-0.9960649609565735},"size":2.7000627517700197,"orthographic":false}