{"cameraMode":{"drawMode":0,"name":"Shaded","section":"Shading Mode"},"sceneLighting":false,"audioPlay":false,"sceneViewState":{"showFog":true,"showMaterialUpdate":false,"showSkybox":true,"showFlares":true,"showImageEffects":true,"showParticleSystems":true},"in2DMode":false,"pivot":{"x":-32.78312683105469,"y":24.149808883666993,"z":-3.8704757690429689},"rotation":{"x":-0.0063074552454054359,"y":0.029091928154230119,"z":-0.0001836868905229494,"w":-0.999556839466095},"size":75.52904510498047,"orthographic":false}