{"cameraMode":{"drawMode":0,"name":"Shaded","section":"Shading Mode"},"sceneLighting":false,"audioPlay":false,"sceneViewState":{"showFog":true,"showMaterialUpdate":false,"showSkybox":true,"showFlares":true,"showImageEffects":true,"showParticleSystems":true},"in2DMode":false,"pivot":{"x":-0.5532369613647461,"y":0.17109602689743043,"z":-2.2343649864196779},"rotation":{"x":-0.16596736013889314,"y":0.028688903898000718,"z":-0.004830547608435154,"w":-0.9857020378112793},"size":27.58319854736328,"orthographic":false}