{"cameraMode":{"drawMode":0,"name":"Shaded","section":"Shading Mode"},"sceneLighting":false,"audioPlay":false,"sceneViewState":{"showFog":true,"showMaterialUpdate":false,"showSkybox":true,"showFlares":true,"showImageEffects":true,"showParticleSystems":true},"in2DMode":false,"pivot":{"x":-0.00001954193430719897,"y":0.000002823339627866517,"z":-0.000004788413207279518},"rotation":{"x":-0.027153799310326577,"y":-0.10566612333059311,"z":0.0028863693587481977,"w":-0.9940266609191895},"size":0.00005715767838410102,"orthographic":false}