{"cameraMode":{"drawMode":0,"name":"Shaded","section":"Shading Mode"},"sceneLighting":false,"audioPlay":false,"sceneViewState":{"showFog":true,"showMaterialUpdate":false,"showSkybox":true,"showFlares":true,"showImageEffects":true,"showParticleSystems":true},"in2DMode":false,"pivot":{"x":1.1301119327545167,"y":0.021714448928833009,"z":2.3095223903656008},"rotation":{"x":-0.2423684149980545,"y":-0.013360537588596344,"z":0.0033404268324375154,"w":-0.9700865149497986},"size":6.177023887634277,"orthographic":false}