{"cameraMode":{"drawMode":0,"name":"Shaded","section":"Shading Mode"},"sceneLighting":false,"audioPlay":false,"sceneViewState":{"showFog":true,"showMaterialUpdate":false,"showSkybox":true,"showFlares":true,"showImageEffects":true,"showParticleSystems":true},"in2DMode":false,"pivot":{"x":3.851731777191162,"y":-2.1259279251098635,"z":-3.1528759002685549},"rotation":{"x":-0.16054315865039826,"y":-0.17398415505886079,"z":0.028763605281710626,"w":-0.9711478352546692},"size":22.0,"orthographic":false}