{"cameraMode":{"drawMode":0,"name":"Shaded","section":"Shading Mode"},"sceneLighting":false,"audioPlay":false,"sceneViewState":{"showFog":true,"showMaterialUpdate":false,"showSkybox":true,"showFlares":true,"showImageEffects":true,"showParticleSystems":true},"in2DMode":false,"pivot":{"x":0.295377254486084,"y":-1.5439848899841309,"z":2.0045104026794435},"rotation":{"x":0.44088900089263918,"y":-0.1517079621553421,"z":0.0758850947022438,"w":0.8813870549201965},"size":7.198250770568848,"orthographic":false}