{"cameraMode":{"drawMode":0,"name":"Shaded","section":"Shading Mode"},"sceneLighting":false,"audioPlay":false,"sceneViewState":{"showFog":true,"showMaterialUpdate":false,"showSkybox":true,"showFlares":true,"showImageEffects":true,"showParticleSystems":true},"in2DMode":false,"pivot":{"x":-14.183206558227539,"y":-1.0794645547866822,"z":8.34935474395752},"rotation":{"x":0.1399756222963333,"y":0.6683878898620606,"z":-0.13015419244766236,"w":0.7188354730606079},"size":5.679780960083008,"orthographic":false}