{"cameraMode":{"drawMode":0,"name":"Shaded","section":"Shading Mode"},"sceneLighting":false,"audioPlay":false,"sceneViewState":{"showFog":true,"showMaterialUpdate":false,"showSkybox":true,"showFlares":true,"showImageEffects":true,"showParticleSystems":true},"in2DMode":false,"pivot":{"x":-0.5662366151809692,"y":0.5145413875579834,"z":-0.2310638427734375},"rotation":{"x":-0.06775034219026566,"y":-0.028701750561594964,"z":0.0019518232438713313,"w":-0.9972875118255615},"size":22.0,"orthographic":false}