{"cameraMode":{"drawMode":0,"name":"Shaded","section":"Shading Mode"},"sceneLighting":false,"audioPlay":false,"sceneViewState":{"showFog":true,"showMaterialUpdate":false,"showSkybox":true,"showFlares":true,"showImageEffects":true,"showParticleSystems":true},"in2DMode":false,"pivot":{"x":-36.994346618652347,"y":4.935224533081055,"z":-30.68433380126953},"rotation":{"x":-0.024631772190332414,"y":0.926239550113678,"z":-0.06148795783519745,"w":-0.37106993794441225},"size":146.08990478515626,"orthographic":false}