{"cameraMode":{"drawMode":0,"name":"Shaded","section":"Shading Mode"},"sceneLighting":false,"audioPlay":false,"sceneViewState":{"showFog":true,"showMaterialUpdate":false,"showSkybox":true,"showFlares":true,"showImageEffects":true,"showParticleSystems":true},"in2DMode":false,"pivot":{"x":-63.00000762939453,"y":-0.42010676860809328,"z":-620.2935180664063},"rotation":{"x":-0.3300735652446747,"y":-0.2995245158672333,"z":0.11130522191524506,"w":-0.8882272839546204},"size":28.412353515625,"orthographic":false}