{"cameraMode":{"drawMode":0,"name":"Shaded","section":"Shading Mode"},"sceneLighting":false,"audioPlay":false,"sceneViewState":{"showFog":true,"showMaterialUpdate":false,"showSkybox":true,"showFlares":true,"showImageEffects":true,"showParticleSystems":true},"in2DMode":false,"pivot":{"x":194.32000732421876,"y":189.69000244140626,"z":231.57000732421876},"rotation":{"x":-0.017698924988508226,"y":-0.008667077869176865,"z":-0.0001530844601802528,"w":0.9998058080673218},"size":23.39278793334961,"orthographic":false}