{"cameraMode":{"drawMode":0,"name":"Shaded","section":"Shading Mode"},"sceneLighting":false,"audioPlay":false,"sceneViewState":{"showFog":true,"showMaterialUpdate":false,"showSkybox":true,"showFlares":true,"showImageEffects":true,"showParticleSystems":true},"in2DMode":false,"pivot":{"x":191.10000610351563,"y":560.5,"z":251.3000030517578},"rotation":{"x":0.10547523945569992,"y":0.8888235688209534,"z":-0.3641064465045929,"w":0.25747665762901308},"size":15.878241539001465,"orthographic":false}